934,高一,白-高一(01)
935,高一,白-高一(02)
936,高一,白-高一(03)
937,高一,白-高一(04)
938,高一,白-高一(05)
939,高一,白-高一(06)
940,高一,白-高一(07)
941,高一,白-高一(08)
926,高一,东-高一(01)
927,高一,东-高一(02)
928,高一,东-高一(03)
929,高一,东-高一(04)
930,高一,东-高一(05)
931,高一,东-高一(06)
932,高一,东-高一(07)
933,高一,东-高一(08)
942,高一,东-高一(09)-IB
943,高一,东-高一(10)-IB
901,高二,白-高二(01)
902,高二,白-高二(02)
903,高二,白-高二(03)
904,高二,白-高二(04)
905,高二,白-高二(05)
906,高二,白-高二(06)
907,高二,白-高二(07)
908,高二,白-高二(08)
909,高二,白-高二(09)
910,高二,白-高二(10)
911,高二,白-高二(11)
912,高二,白-高二(12)
913,高二,高二(13)IB
921,高三,高三(01)
916,高三,高三(02)
917,高三,高三(03)
918,高三,高三(04)
922,高三,高三(05)
924,高三,高三(06)
919,高三,高三(07)
920,高三,高三(08)
923,高三,高三(09)
925,高三,高三(10)
914,高三,高三(11)IB
915,高三,高三(12)IB
